{
  "dgoal_east_scaled": 0.20307375490665436,
  "dgoal_north_scaled": 0.12578661739826202,
  "loa_norm": 0.010874639265239239,
  "depth_norm": 0.08699241280555725,
  "company_id": 0.00837787240743637,
  "here_flag": 0.0,
  "start_flag": 0.0624554343521595,
  "goal_flag": 0.11048471927642822,
  "cur_row": 0.0743594765663147,
  "cur_col": 0.08500775694847107,
  "start_row": 0.046316005289554596,
  "start_col": 0.04639234393835068,
  "goal_row": 0.08139096945524216,
  "goal_col": 0.05848797783255577
}