category,mean_abs_shap
vectors,0.3150564356263341
depth,0.2968383460358574
indices,0.04097895753876816
flags,0.0015459775675562262
vessel_characteristics,0.0
